id,group,city,score,product,status
1,alpha,Roanoke,62.24,laptop,pending
2,alpha,Norfolk,71.1,,active
3,alpha,Norfolk,59.94,keyboard,inactive
4,gamma,Charlottesville,87.94,monitor,inactive
5,beta,Roanoke,55.11,tablet,inactive
6,alpha,Arlington,76.81,monitor,active
7,gamma,Norfolk,59.61,phone,inactive
8,beta,Charlottesville,69.01,tablet,active
9,beta,Roanoke,85.09,laptop,pending
10,beta,Richmond,73.11,keyboard,active
11,alpha,Richmond,91.09,monitor,inactive
12,gamma,Richmond,82.77,monitor,active
13,beta,Norfolk,76.95,monitor,pending
14,beta,Richmond,75.48,laptop,active
15,beta,Arlington,79.82,keyboard,inactive
16,alpha,Charlottesville,84.09,tablet,pending
17,gamma,Arlington,57.91,,pending
18,gamma,Norfolk,88.1,laptop,pending
19,beta,Richmond,68.7,keyboard,active
20,delta,Charlottesville,55.59,tablet,active
21,alpha,Charlottesville,86.6,keyboard,active
22,delta,Norfolk,58.26,keyboard,inactive
23,beta,Roanoke,69.95,tablet,inactive
24,delta,Charlottesville,62.4,laptop,pending
25,beta,Charlottesville,53.55,phone,active
26,gamma,Charlottesville,75.71,monitor,active
27,delta,Richmond,89.23,phone,active
28,delta,Roanoke,71.18,laptop,pending
29,alpha,Charlottesville,70.13,laptop,active
30,delta,Richmond,71.09,phone,active
31,alpha,Charlottesville,82.61,laptop,active
32,beta,Richmond,70.32,monitor,active
33,alpha,Arlington,63.26,monitor,inactive
34,delta,Richmond,59.49,laptop,pending
35,alpha,Roanoke,52.86,keyboard,pending
36,alpha,Richmond,53.43,phone,inactive
37,beta,Norfolk,79.73,monitor,pending
38,gamma,Roanoke,60.21,phone,inactive
39,gamma,Arlington,65.81,laptop,active
40,alpha,Charlottesville,76.88,phone,inactive
41,beta,Roanoke,64.25,keyboard,pending
42,alpha,Norfolk,64.97,phone,inactive
43,alpha,Norfolk,57.77,phone,pending
44,gamma,Norfolk,74.43,laptop,active
45,gamma,Charlottesville,50.18,tablet,active
46,delta,Norfolk,50.48,phone,pending
47,,Roanoke,79.13,phone,active
48,alpha,Roanoke,60.5,laptop,inactive
49,delta,Norfolk,87.47,phone,active
50,beta,Arlington,51.24,tablet,inactive
51,beta,Roanoke,57.96,monitor,active
52,beta,Richmond,90.83,tablet,active
53,beta,Arlington,66.41,tablet,inactive
54,delta,Norfolk,66.56,,inactive
55,gamma,Charlottesville,55.42,tablet,inactive
56,alpha,Arlington,94.98,laptop,pending
57,beta,Roanoke,71.56,tablet,pending
58,alpha,Roanoke,75.36,tablet,inactive
59,beta,Richmond,71.02,phone,pending
60,delta,Norfolk,91.69,phone,inactive
61,gamma,Arlington,72.09,keyboard,inactive
62,beta,Charlottesville,64.19,keyboard,inactive
63,beta,Roanoke,61.23,laptop,active
64,delta,Norfolk,92.49,monitor,pending
65,delta,Arlington,69.98,laptop,active
66,beta,Richmond,90.21,monitor,active
67,alpha,Arlington,56.67,keyboard,pending
68,delta,Norfolk,90.75,monitor,pending
69,beta,Arlington,72.5,tablet,pending
70,beta,Roanoke,71.99,phone,inactive
71,alpha,Richmond,57.54,phone,pending
72,delta,Arlington,66.54,laptop,active
73,delta,Norfolk,97.3,,pending
74,alpha,Roanoke,64.93,monitor,pending
75,beta,Arlington,60.97,laptop,inactive
76,delta,Richmond,92.03,keyboard,pending
77,,Arlington,79.59,laptop,pending
78,delta,Richmond,52.51,phone,inactive
79,delta,Roanoke,87.6,tablet,active
80,alpha,Roanoke,61.21,laptop,active
81,beta,Charlottesville,81.07,monitor,pending
82,beta,Arlington,84.97,phone,pending
83,alpha,Richmond,98.24,laptop,inactive
84,delta,Arlington,97.07,keyboard,pending
85,beta,Charlottesville,84.86,keyboard,active
86,alpha,Roanoke,76.64,laptop,pending
87,alpha,Arlington,91.12,tablet,pending
88,delta,Richmond,71.77,tablet,pending
89,delta,Arlington,71.78,tablet,inactive
90,alpha,Roanoke,94.08,monitor,pending
91,delta,Roanoke,51.43,phone,inactive
92,gamma,Roanoke,63.98,tablet,pending
93,,Richmond,54.28,monitor,pending
94,delta,Arlington,72.41,,inactive
95,beta,Roanoke,83.2,keyboard,pending
96,gamma,Roanoke,85.14,tablet,active
97,beta,Roanoke,55.98,phone,active
98,delta,Roanoke,86.23,keyboard,pending
99,alpha,Richmond,64.81,tablet,active
100,beta,Roanoke,52.28,tablet,pending
101,delta,Charlottesville,93.64,monitor,inactive
102,beta,Charlottesville,62.62,laptop,active
103,alpha,Norfolk,81.47,phone,pending
104,alpha,Richmond,55.92,keyboard,pending
105,beta,Norfolk,69.02,tablet,pending
106,gamma,Norfolk,81.05,laptop,active
107,gamma,Charlottesville,57.85,laptop,active
108,,Arlington,84.47,laptop,active
109,gamma,Arlington,53.56,tablet,pending
110,beta,Arlington,55.74,phone,inactive
111,alpha,Charlottesville,58.3,keyboard,inactive
112,delta,Roanoke,84.99,keyboard,pending
113,alpha,Norfolk,51.99,tablet,pending
114,alpha,Richmond,98.1,keyboard,pending
115,gamma,Norfolk,52.01,monitor,pending
116,gamma,Richmond,99.85,monitor,active
117,delta,Roanoke,66.05,phone,inactive
118,delta,Roanoke,83.13,keyboard,active
119,gamma,Roanoke,66.16,monitor,pending
120,alpha,Norfolk,73.1,keyboard,inactive
121,delta,Arlington,88.0,keyboard,active
122,delta,Arlington,56.07,keyboard,active
123,gamma,Norfolk,50.68,phone,active
124,alpha,Richmond,74.92,keyboard,pending
125,delta,Arlington,62.19,monitor,active
126,beta,Charlottesville,63.81,monitor,inactive
127,gamma,Charlottesville,64.14,keyboard,pending
128,delta,Richmond,72.33,tablet,pending
129,delta,Arlington,96.64,phone,pending
130,delta,Charlottesville,65.91,monitor,inactive
131,beta,Arlington,98.24,keyboard,inactive
132,delta,Charlottesville,76.3,phone,inactive
133,beta,Charlottesville,73.47,tablet,pending
134,alpha,Roanoke,92.62,monitor,inactive
135,delta,Norfolk,51.79,tablet,active
136,delta,Charlottesville,88.02,laptop,inactive
137,gamma,Charlottesville,52.3,tablet,inactive
138,beta,Richmond,76.56,phone,active
139,delta,Norfolk,84.16,keyboard,active
140,gamma,Arlington,62.77,,inactive
141,beta,Charlottesville,72.09,keyboard,inactive
142,delta,Roanoke,72.84,monitor,inactive
143,delta,Norfolk,67.95,tablet,active
144,delta,Roanoke,50.4,laptop,pending
145,gamma,Richmond,80.35,phone,pending
146,beta,Charlottesville,95.17,tablet,inactive
147,,Roanoke,86.62,tablet,inactive
148,beta,Richmond,56.61,tablet,pending
149,gamma,Richmond,62.85,monitor,inactive
150,gamma,Charlottesville,73.42,phone,pending
151,delta,Norfolk,68.29,laptop,inactive
152,delta,Roanoke,83.64,keyboard,inactive
153,gamma,Charlottesville,83.74,keyboard,pending
154,beta,Charlottesville,81.77,tablet,pending
155,beta,Charlottesville,97.31,monitor,active
156,beta,Arlington,72.68,keyboard,inactive
157,beta,Arlington,82.75,keyboard,inactive
158,gamma,Charlottesville,84.51,monitor,active
159,alpha,Roanoke,77.22,tablet,active
160,beta,Charlottesville,97.45,laptop,pending
161,alpha,Charlottesville,89.34,phone,pending
162,beta,Norfolk,60.8,tablet,active
163,alpha,Roanoke,92.92,phone,pending
164,beta,Charlottesville,83.05,,active
165,beta,Norfolk,66.19,laptop,active
166,alpha,Charlottesville,73.81,keyboard,pending
167,beta,Norfolk,52.17,keyboard,inactive
168,alpha,Charlottesville,99.93,monitor,pending
169,delta,Charlottesville,94.96,phone,active
170,gamma,Arlington,99.73,monitor,pending
171,alpha,Charlottesville,92.64,keyboard,pending
172,delta,Arlington,94.4,monitor,inactive
173,alpha,Roanoke,71.34,tablet,active
174,delta,Charlottesville,54.56,monitor,active
175,gamma,Richmond,77.82,keyboard,pending
176,alpha,Arlington,67.68,monitor,pending
177,gamma,Norfolk,65.62,keyboard,active
178,delta,Richmond,92.36,keyboard,inactive
179,gamma,Norfolk,61.31,keyboard,pending
180,alpha,Norfolk,96.45,tablet,active
181,gamma,Roanoke,67.55,phone,pending
182,alpha,Richmond,87.05,laptop,pending
183,delta,Arlington,72.68,tablet,pending
184,alpha,Charlottesville,57.78,laptop,pending
185,delta,Arlington,74.28,tablet,active
186,alpha,Roanoke,71.5,keyboard,inactive
187,gamma,Charlottesville,61.03,laptop,active
188,beta,Richmond,88.21,laptop,active
189,delta,Richmond,56.46,phone,pending
190,gamma,Charlottesville,69.85,monitor,active
191,alpha,Roanoke,78.79,monitor,inactive
192,alpha,Roanoke,58.59,monitor,pending
193,alpha,Arlington,92.22,keyboard,inactive
194,delta,Roanoke,87.29,phone,active
195,alpha,Norfolk,75.5,tablet,inactive
196,beta,Richmond,55.14,phone,pending
197,alpha,Richmond,97.56,monitor,pending
198,delta,Norfolk,82.15,tablet,pending
199,delta,Charlottesville,73.45,tablet,pending
200,alpha,Roanoke,73.09,,inactive
